{
    "batch_size": 64,
    "hidden_size": 64,
    "num_layers": 1,
    "dropout_rate": 0.30000000000000004,
    "learning_rate": 0.002284295231540831,
    "model_type": "lstm_cross_attention"
}